,precision,recall,f-measure,accuracy
0,0.7087155963302753,0.9382263637315464,0.8074791619734176,0.9826285983762841
