,precision,recall,fpr,f-measure,accuracy
0,0.9430533117932148,0.24447701811328656,0.0005963760637487946,0.3882930074000166,0.9700909427227528
1,0.9516616314199395,0.49471259553973407,0.0010151081936149696,0.6510057867181042,0.9794047459335959
2,0.6200417536534447,0.8085017275677939,0.02001454988410848,0.701840490797546,0.9733269913285281
3,0.3625693383712517,0.9444037273583918,0.0670732738931091,0.5239768799558512,0.933372361055212
4,0.2525095281550271,0.9850277457857816,0.11779484663407042,0.40197397936294305,0.8861976022343371
