Technique,precision,recall,fpr,f-measure,accuracy
Kernel Density(0.05),0.6200417536534447,0.8085017275677939,0.02001454988410848,0.701840490797546,0.9733269913285281