,precision,recall,fpr,f-measure,accuracy
0,0.9792617171298217,0.24719924615223537,0.0002114808736697853,0.3947500417990302,0.9705665930831494
1,0.9758394758394758,0.4990053397549995,0.0004990948618606933,0.6603394527190856,0.9800674041279946
2,0.6738438337801609,0.8421107737409695,0.016465900823929482,0.7486387117792154,0.9780428410555373
3,0.38420092838196285,0.9705789969636687,0.0628436564197134,0.5504914041390778,0.9384540956748341
4,0.26648995535714287,1.0,0.11119241375809971,0.4208323235883765,0.8931250228678058
5,0.24180971188414604,1.0,0.1266643544757812,0.3894472874064711,0.878253834676944
