Technique,precision,recall,fpr,f-measure,accuracy
Isolation Forest (0.05),0.6656514939501194,0.8467176211914983,0.017180706176933357,0.7453456221198157,0.9775346675935751
